year,cohort,collector,nest,clutch,female.code,male.code,eggs,hatched,unhatched,hatching.success,dead.chicks,fledged,annual.recruits,laying.date,hatch.date,female.cohort,female.dob,male.dob,female.age,male.age,rel.laying.date,first.female.lay.date,female.reprod.age,lifetime.recruits,last.date.seen,last.date.bred,dead.or.alive,female.lifespan
2006,J06/07,NA,B22/27,1,1,101,4,4,0,1,3,1,0,28/10/06,15/11/06,J05/06,2/12/05,1/12/04,330,696,37,23/11/06,-26,2,15/02/15,10/12/15,dead,3660
2006,J06/07,NA,B22/28,2,1,101,4,4,0,1,4,0,0,21/12/06,1/08/07,J05/06,2/12/05,1/12/04,384,750,91,23/11/06,28,2,15/02/15,10/12/15,dead,3660
2006,J06/07,NA,B22/29b,1,2,102,4,4,0,1,1,3,0,6/11/06,25/11/06,J05/06,2/12/05,1/12/02,339,1436,46,5/12/06,-29,0,15/02/07,6/11/06,dead,440
2006,J06/07,NA,B21/9,1,3,103,5,0,5,0,0,0,0,22/11/06,NA,J05/06,3/12/05,NA,354,NA,62,NA,NA,0,15/09/06,30/01/07,dead,423
2006,J06/07,NA,B21/9,R1,3,103,4,0,4,0,0,0,0,30/01/07,NA,J05/06,3/12/05,NA,423,NA,131,NA,NA,0,15/09/06,30/01/07,dead,423
2006,J06/07,NA,B2/10,1,4,104,4,4,0,1,0,4,0,4/11/06,22/11/04,J05/06,5/12/05,1/12/05,334,338,44,1/12/06,-27,1,15/09/10,9/12/09,dead,1745
2006,J06/07,NA,B21/11,1,5,105,4,4,0,1,0,4,0,8/11/06,26/11/06,J05/06,9/12/05,1/12/02,334,1438,48,5/12/06,-27,0,15/02/08,27/12/07,dead,798
2006,J06/07,NA,B22/13a,1,6,106,4,4,0,1,1,3,1,29/10/06,16/11/06,J05/06,1/12/05,1/12/05,332,332,38,NA,NA,1,15/02/13,5/01/13,dead,2633
2006,J06/07,NA,B1/12,1,6,107,4,3,1,0.75,0,3,1,1/11/06,19/11/06,J05/06,8/12/05,1/12/05,328,335,41,26/11/06,-25,1,15/02/13,5/01/13,dead,2626
2006,J06/07,NA,B22/13a,2,6,106,4,4,0,1,4,0,1,4/01/07,20/01/07,J05/06,8/12/05,1/12/05,479,399,105,26/11/06,126,1,15/02/13,5/01/13,dead,2626
2006,J06/07,NA,AB1,1,7,108,5,4,1,0.8,2,2,0,27/11/06,15/01/07,J05/06,11/12/05,1/12/04,351,726,67,30/12/06,-33,4,15/09/08,1/12/09,dead,1451
2006,J06/07,NA,B2/8,1,8,109,4,4,0,1,2,2,0,8/11/06,26/11/06,J05/06,11/12/05,1/12/04,332,707,48,7/11/06,1,0,15/02/06,9/01/07,dead,394
2006,J06/07,NA,B22/29,2,8,102,3,3,0,1,3,0,0,9/01/07,25/01/07,J05/06,1/12/05,1/12/02,404,1500,110,NA,NA,0,15/02/06,9/01/07,dead,404
2006,J06/07,NA,B22/8,1,9,110,4,3,1,0.75,0,3,1,3/11/06,21/11/06,J05/06,11/12/05,1/12/03,327,1068,43,2/12/06,-29,2,15/02/10,28/12/10,dead,1843
2006,J06/07,NA,B1G1,1,10,111,4,3,1,0.75,0,3,0,30/10/06,16/11/06,J05/06,11/12/05,1/12/03,323,1064,39,NA,NA,0,15/02/07,30/10/06,dead,431
2006,J06/07,NA,B23/3,1,11,112,4,4,0,1,0,4,1,6/11/06,23/11/06,J05/06,12/12/05,1/12/03,329,1071,46,NA,NA,1,15/09/10,31/10/10,dead,1784
2006,J06/07,NA,SDB4,1,12,103,4,2,2,0.5,0,2,0,4/11/06,22/11/06,J05/06,14/12/05,NA,325,NA,44,2/12/06,-28,2,15/02/09,4/01/10,dead,1482
2006,J06/07,NA,B1/10,1,13,113,4,2,2,0.5,0,2,0,26/10/06,12/11/06,J05/06,14/12/05,1/01/05,316,663,35,NA,NA,0,15/02/07,9/12/06,dead,428
2006,J06/07,NA,B1/9,2,13,113,4,4,0,1,0,4,0,9/12/06,26/12/06,J05/06,14/12/05,1/01/05,272,707,79,NA,NA,0,15/02/07,9/12/06,dead,428
2007,J07/08,walker,B22/28,1,1,114,5,5,0,1,1,4,0,26/10/07,14/11/07,J05/06,1/12/05,1/12/04,713,1059,30,26/10/07,0,2,15/02/15,10/12/15,dead,3661
2007,J07/08,walker,B22/28,2,1,114,4,4,0,1,1,3,0,26/12/07,10/01/08,J05/06,1/12/05,1/12/04,770,1120,91,26/10/07,61,2,15/02/15,10/12/15,dead,3661
2007,J07/08,walker,B2/7,1,4,103,4,4,0,1,1,3,0,28/10/07,15/11/07,J05/06,1/12/05,NA,714,NA,32,28/10/07,0,1,15/09/10,9/12/09,dead,1749
2007,J07/08,walker,B2/9,2,4,115,4,4,0,1,1,3,0,26/12/07,12/01/08,J05/06,1/12/05,1/12/06,772,390,91,28/10/07,59,1,15/09/10,9/12/09,dead,1749
2007,J07/08,walker,B22/5b,1,14,103,4,3,1,0.75,0,3,0,15/11/07,3/12/07,J06/07,1/12/06,NA,367,NA,50,15/11/07,0,1,15/02/11,3/11/10,dead,1537
2007,J07/08,walker,B1/10,1,15,113,4,3,1,0.75,1,2,0,9/11/07,27/11/07,J06/07,1/12/06,1/01/05,361,1042,44,9/11/07,0,0,15/02/08,1/01/08,dead,441
2007,J07/08,walker,B1/G2,2,15,116,4,3,1,0.75,3,0,0,1/01/08,18/01/07,J06/07,1/12/06,1/12/05,396,761,97,9/11/07,53,0,15/02/08,1/01/08,dead,441
2007,J07/08,walker,B21/11,1,5,105,5,5,0,1,2,3,0,29/10/07,16/11/07,J05/06,1/12/05,1/12/02,715,1793,33,29/10/07,0,0,15/02/08,27/12/07,dead,806
2007,J07/08,walker,B21/12,2,5,105,4,3,1,0.75,3,0,0,27/12/07,13/01/08,J05/06,1/12/05,1/12/02,773,1852,92,29/10/07,59,0,15/02/08,27/12/07,dead,806
2007,J07/08,walker,SV/1,1,6,117,5,3,2,0.6,1,2,0,30/10/07,17/11/07,J05/06,1/12/05,1/12/00,716,2524,34,30/10/07,0,1,15/02/13,5/01/13,dead,2633
2007,J07/08,walker,SV/1,2,6,117,5,5,0,1,2,3,0,23/12/07,10/01/08,J05/06,1/12/05,1/12/00,770,2578,88,30/10/07,54,1,15/02/13,5/01/13,dead,2633
2007,J07/08,walker,AB/1,1,7,108,4,3,1,0.75,2,1,1,20/11/07,7/12/07,J05/06,1/12/05,1/12/04,736,1084,55,20/11/07,0,4,15/09/08,1/12/09,dead,1461
2007,J07/08,walker,B22/8,1,9,110,5,5,0,1,1,4,0,24/10/07,11/11/07,J05/06,1/12/05,1/12/03,710,1423,28,24/10/07,0,2,15/02/10,28/12/10,dead,1853
2007,J07/08,walker,B22/15,2,9,110,4,3,1,0.75,3,0,0,26/12/07,12/01/08,J05/06,1/12/05,1/12/03,772,1486,91,24/10/07,63,2,15/02/10,28/12/10,dead,1853
2007,J07/08,walker,B22/23,1,16,118,5,3,2,0.6,0,3,2,22/10/07,11/11/07,J05/06,1/12/05,1/02/03,710,1724,26,22/10/07,0,4,15/09/12,21/12/10,dead,2480
2007,J07/08,walker,B22/24,2,16,118,4,3,1,0.75,3,0,2,17/12/07,3/01/08,J05/06,1/12/05,1/02/03,763,1780,82,22/10/07,56,4,15/09/12,21/12/10,dead,2480
2007,J07/08,walker,B23/5,1,11,112,4,4,0,1,0,4,0,29/10/07,16/11/07,J05/06,1/12/05,1/12/03,715,1428,33,29/10/07,0,1,15/09/10,31/10/10,dead,1795
2007,J07/08,walker,B23/5,2,11,112,4,4,0,1,2,2,0,24/12/07,10/01/08,J05/06,1/12/05,1/12/03,770,1484,89,29/10/07,56,1,15/09/10,31/10/10,dead,1795
2007,J07/08,walker,FB/1,1,12,103,4,4,0,1,2,2,0,31/10/07,18/11/07,J05/06,1/12/05,NA,717,NA,35,31/10/07,0,2,15/02/09,4/01/10,dead,1495
2007,J07/08,walker,FB/2,2,12,103,4,2,2,0.5,2,0,0,20/12/07,7/01/08,J05/06,1/12/05,NA,767,NA,85,31/10/07,50,2,15/02/09,4/01/10,dead,1495
2007,J07/08,walker,B3/1,1,17,119,3,2,1,0.666666667,2,0,0,6/12/07,23/12/07,J06/07,1/12/06,1/12/02,387,1831,71,6/12/07,0,2,15/09/11,6/01/11,dead,1749
2008,J08/09,walker,B22/28,1,1,114,5,4,1,0.8,NA,4,0,29/10/08,17/11/08,J05/06,1/12/05,1/12/04,1082,1428,4,26/10/07,369,2,15/02/15,10/12/15,dead,3661
2008,J08/09,walker,B22/27,2,1,114,4,4,0,1,4,0,0,27/12/08,13/01/09,J05/06,1/12/05,1/12/04,1139,1487,63,26/10/07,428,2,15/02/15,10/12/15,dead,3661
2008,J08/09,walker,B2/7,1,4,115,4,4,0,1,3,1,0,1/11/08,18/11/08,J05/06,1/12/05,1/12/06,1083,701,7,28/10/07,370,1,15/09/10,9/12/09,dead,1749
2008,J08/09,walker,B2/3,2,4,115,4,4,0,1,4,0,0,19/12/08,NA,J05/06,1/12/05,1/12/06,1114,749,55,28/10/07,418,1,15/09/10,9/12/09,dead,1749
2008,J08/09,walker,SC/2,1,14,103,4,4,0,1,NA,4,0,7/11/08,26/11/08,J06/07,1/12/06,NA,726,NA,13,15/11/07,358,1,15/02/11,3/11/10,dead,1537
2008,J08/09,walker,SV/1,1,6,117,5,5,0,1,2,3,0,3/11/08,21/11/08,J05/06,1/12/05,1/12/00,1086,2894,9,30/10/07,370,1,15/02/13,5/01/13,dead,2633
2008,J08/09,walker,SV/1,2,6,117,4,4,0,1,4,0,0,28/12/08,13/01/09,J05/06,1/12/05,1/12/00,1139,2949,64,30/10/07,425,1,15/02/13,5/01/13,dead,2633
2008,J08/09,walker,B21/14,1,7,120,5,4,1,0.8,1,3,2,5/11/08,24/11/08,J05/06,1/12/05,1/01/03,1089,2135,11,20/11/07,351,4,15/09/08,1/12/09,dead,1461
2008,J08/09,walker,B21/10,2,7,120,4,3,1,0.75,3,0,2,26/12/08,12/01/09,J05/06,1/12/05,1/01/03,1138,2186,62,20/11/07,402,4,15/09/08,1/12/09,dead,1461
2008,J08/09,walker,B22/8,1,9,110,5,3,2,0.6,NA,3,1,27/10/08,15/11/08,J05/06,1/12/05,1/12/03,1080,1792,2,24/10/07,369,2,15/02/10,28/12/10,dead,1853
2008,J08/09,walker,B22/15,2,9,110,4,3,1,0.75,3,0,1,22/12/08,9/01/09,J05/06,1/12/05,1/12/03,1135,1848,58,24/10/07,425,2,15/02/10,28/12/10,dead,1853
2008,J08/09,walker,B22/23,1,16,118,5,3,2,0.6,NA,3,0,25/10/08,12/11/08,J05/06,1/12/05,1/02/03,1077,2093,0,25/10/08,0,4,15/09/12,21/12/10,dead,2480
2008,J08/09,walker,B22/24,2,16,118,4,4,0,1,1,3,0,19/12/08,5/01/09,J05/06,1/12/05,1/02/03,1131,2148,55,25/10/08,55,4,15/09/12,21/12/10,dead,2480
2008,J08/09,walker,B23/1,1,11,121,5,3,2,0.6,NA,3,0,4/11/08,22/11/08,J05/06,1/12/05,1/01/04,1087,1769,10,4/11/08,0,1,15/09/10,31/10/10,dead,1795
2008,J08/09,walker,B23/2,2,11,121,4,3,1,0.75,NA,NA,0,28/12/08,14/01/09,J05/06,1/12/05,1/01/04,1140,1823,64,4/11/08,54,1,15/09/10,31/10/10,dead,1795
2008,J08/09,walker,SDB/4,1,12,122,5,5,0,1,2,3,1,27/10/08,14/11/08,J05/06,1/12/05,1/12/06,1079,696,2,31/10/07,362,2,15/02/09,4/01/10,dead,1495
2008,J08/09,walker,SDB/5,2,12,122,4,4,0,1,NA,NA,1,19/12/08,4/01/09,J05/06,1/12/05,1/12/06,1130,749,55,31/10/07,415,2,15/02/09,4/01/10,dead,1495
2008,J08/09,walker,WV3,1,17,103,4,4,0,1,NA,4,0,30/10/08,17/11/08,J06/07,1/12/06,NA,717,NA,5,6/12/07,329,2,15/09/11,6/01/11,dead,1749
2008,J08/09,walker,WV4,2,17,103,3,3,0,1,NA,NA,0,28/12/08,13/01/09,J06/07,1/12/06,NA,774,NA,64,6/12/07,388,2,15/09/11,6/01/11,dead,1749
2008,J08/09,walker,B22/7,1,18,123,4,3,1,0.75,1,2,1,19/11/08,6/12/08,J07/08,10/12/07,1/12/04,371,1449,25,19/11/08,0,1,15/09/09,5/01/11,dead,1122
2008,J08/09,walker,SDB/1b,1,19,124,4,4,0,1,2,2,0,3/11/08,20/11/08,J07/08,12/12/07,7/01/08,355,301,9,3/11/08,0,0,15/09/08,3/11/08,dead,327
2008,J08/09,walker,B4/2,1,20,103,3,3,0,1,3,0,0,3/12/08,20/12/08,J07/08,14/12/07,NA,385,NA,39,3/12/08,0,3,15/02/17,28/11/16,dead,3351
2008,J08/09,walker,B4/1,R1,20,103,3,3,0,1,NA,NA,0,10/01/09,27/01/09,J07/08,14/12/07,NA,423,NA,77,3/12/08,38,3,15/02/17,28/11/16,dead,3351
2008,J08/09,walker,B22/32,1,21,103,3,2,1,0.666666667,2,0,0,23/11/08,10/12/08,J07/08,14/12/07,NA,375,NA,29,23/11/08,0,0,15/09/13,22/10/13,dead,2139
2008,J08/09,walker,B2/9,1,22,125,4,3,1,0.75,3,0,0,18/11/08,6/12/08,J07/08,20/12/07,1/12/06,371,718,24,18/11/08,0,0,15/02/16,31/01/16,dead,2979
2008,J08/09,walker,B22/25,1,23,126,4,3,1,0.75,3,0,0,18/11/08,6/12/08,J07/08,17/12/07,1/12/00,371,2909,24,18/11/08,0,1,15/02/09,22/10/13,dead,2136
2008,J08/09,walker,B6/2,1,24,103,4,4,0,1,2,2,0,27/11/08,15/12/08,J07/08,19/12/07,NA,380,NA,33,27/11/08,0,0,15/02/16,29/01/16,dead,2980
2008,J08/09,walker,FB/2,1,25,103,3,1,2,0.333333333,NA,1,0,21/11/08,9/12/08,J07/08,27/12/07,NA,374,NA,27,21/11/08,0,0,15/09/10,2/01/11,dead,1102
2008,J08/09,walker,B2/11,1,26,127,3,1,2,0.333333333,1,0,0,18/11/08,5/12/08,J07/08,30/12/07,1/01/05,370,1417,24,18/11/08,0,0,15/09/12,8/11/12,dead,1775
2008,J08/09,walker,B2/11,R1,26,127,4,4,0,1,3,1,0,17/12/08,3/01/09,J07/08,30/12/07,1/01/05,399,1446,53,18/11/08,29,0,15/09/12,8/11/12,dead,1775
2008,J08/09,walker,B22/31,1,27,103,4,4,0,1,4,0,0,22/11/08,10/12/08,J07/08,7/01/08,NA,344,NA,28,#NAME?,#NAME?,0,15/02/08,6/11/10,dead,1034
2009,J09/10,soeder,B22/27,1,1,114,4,3,1,0.75,2,2,1,27/10/09,15/11/09,J05/06,1/12/05,1/12/04,1445,1791,1,26/10/07,732,2,15/02/15,10/12/15,dead,3661
2009,J09/10,soeder,B22/28,2,1,114,5,5,0,1,2,3,1,17/12/09,4/01/10,J05/06,1/12/05,1/12/04,1495,1842,52,26/10/07,783,2,15/02/15,10/12/15,dead,3661
2009,J09/10,soeder,B2/10,1,4,125,4,4,0,1,4,0,1,7/11/09,25/11/09,J05/06,1/12/05,1/12/06,1455,1072,12,28/10/07,741,1,15/09/10,9/12/09,dead,1749
2009,J09/10,soeder,B2/1,2,4,115,4,3,1,0.75,NA,3,1,9/12/09,26/12/09,J05/06,1/12/05,1/12/06,1486,1104,44,28/10/07,773,1,15/09/10,9/12/09,dead,1749
2009,J09/10,soeder,SC/1,1,14,103,4,2,2,0.5,NA,2,0,26/11/09,14/12/09,J06/07,1/12/06,NA,1109,NA,31,15/11/07,742,1,15/02/11,3/11/10,dead,1537
2009,J09/10,soeder,SV/1,1,6,117,4,4,0,1,NA,4,0,28/10/09,14/11/09,J05/06,1/12/05,1/12/00,1444,3253,2,30/10/07,729,1,15/02/13,5/01/13,dead,2633
2009,J09/10,soeder,SV/2,2,6,117,4,4,0,1,2,2,0,21/12/09,6/01/10,J05/06,1/12/05,1/12/00,1497,3307,56,30/10/07,783,1,15/02/13,5/01/13,dead,2633
2009,J09/10,soeder,B21/14,1,7,128,3,3,0,1,NA,3,1,1/12/09,20/12/09,J05/06,1/12/05,30/12/08,1480,336,36,20/11/07,742,4,15/09/08,1/12/09,dead,1461
2009,J09/10,soeder,B22/8,1,9,110,5,5,0,1,2,3,0,26/10/09,14/11/09,J05/06,1/12/05,1/12/03,1444,2156,0,24/10/07,733,2,15/02/10,28/12/10,dead,1853
2009,J09/10,soeder,B22/15,1?,9,110,4,2,2,0.5,2,0,0,21/12/09,8/01/10,J05/06,1/12/05,1/12/03,1499,2212,56,24/10/07,789,2,15/02/10,28/12/10,dead,1853
2009,J09/10,soeder,B22/23,1,16,118,3,3,0,1,NA,3,0,27/10/09,14/11/09,J05/06,1/12/05,1/02/03,1444,2460,1,22/10/07,736,4,15/09/12,21/12/10,dead,2480
2009,J09/10,soeder,B22/24,2,16,118,4,3,1,0.75,NA,3,0,16/12/09,4/01/10,J05/06,1/12/05,1/02/03,1495,2510,51,22/10/07,786,4,15/09/12,21/12/10,dead,2480
2009,J09/10,soeder,B23/5,1,11,112,5,5,0,1,1,4,0,19/11/09,7/12/09,J05/06,1/12/05,1/12/03,1467,2180,24,29/10/07,752,1,15/09/10,31/10/10,dead,1795
2009,J09/10,soeder,SDB4,1,12,129,5,5,0,1,4,2,1,13/11/09,1/12/09,J05/06,1/12/05,10/12/08,1461,338,18,31/10/07,744,2,15/02/09,4/01/10,dead,1495
2009,J09/10,soeder,SDB5,2,12,129,3,2,1,0.666666667,2,0,1,4/01/10,20/01/10,J05/06,1/12/05,10/12/08,1511,390,70,31/10/07,796,2,15/02/09,4/01/10,dead,1495
2009,J09/10,soeder,WV3,1,17,130,4,3,1,0.75,1,2,0,14/11/09,1/12/09,J06/07,1/12/06,23/12/07,1096,692,19,6/12/07,709,2,15/09/11,6/01/11,dead,1749
2009,J09/10,soeder,B22/36,1,18,123,5,4,1,0.8,1,3,0,28/11/09,18/12/09,J07/08,10/12/07,1/12/04,748,1823,33,19/11/08,374,1,15/09/09,5/01/11,dead,1122
2009,J09/10,soeder,B4/2,1,20,131,4,4,0,1,1,3,0,21/11/09,8/12/09,J07/08,14/12/07,13/12/08,738,343,26,21/11/09,0,3,15/02/17,28/11/16,dead,3351
2009,J09/10,soeder,B22/13A,1,21,132,4,3,1,0.75,1,2,0,27/11/09,14/12/09,J07/08,14/12/07,1/01/07,744,1061,32,23/11/08,369,0,15/09/13,22/10/13,dead,2139
2009,J09/10,soeder,B2/7,1,22,133,5,4,1,0.8,2,2,0,26/11/09,14/12/09,J07/08,20/12/07,17/12/07,744,710,31,18/11/08,373,0,15/02/16,31/01/16,dead,2979
2009,J09/10,soeder,B22/19,1,23,134,4,1,3,0.25,NA,1,0,28/11/09,16/12/09,J07/08,17/12/07,1/12/05,712,1458,33,NA,NA,1,15/02/09,22/10/13,dead,2136
2009,J09/10,soeder,B21/4,1,24,135,4,3,1,0.75,NA,3,0,8/11/09,26/11/09,J07/08,19/12/07,3/02/08,726,644,13,27/11/08,346,0,15/02/16,29/01/16,dead,2980
2009,J09/10,soeder,FB/2,1,25,103,5,5,0,1,NA,5,0,25/11/09,NA,J07/08,27/12/07,NA,699,NA,30,21/11/08,369,0,15/09/10,2/01/11,dead,1102
2009,J09/10,soeder,B2/12,1,26,136,5,5,0,1,1,4,0,21/11/09,9/12/09,J07/08,30/12/07,1/01/07,739,1055,26,18/11/08,368,0,15/09/12,8/11/12,dead,1775
2009,J09/10,soeder,B21/8,1,28,137,3,0,3,0,NA,0,0,14/11/09,NA,J08/09,14/12/08,16/12/07,335,699,19,NA,NA,2,15/02/10,1/11/12,dead,1418
2009,J09/10,soeder,B21/8,1,28,137,3,3,0,1,NA,3,0,3/12/09,21/12/09,J08/09,14/12/08,16/12/07,385,718,38,3/12/09,0,2,15/02/10,1/11/12,dead,1418
2009,J09/10,soeder,SDBB1B,1,29,103,4,4,0,1,1,3,0,20/11/09,7/12/09,J08/09,14/12/08,NA,371,NA,25,20/11/09,0,2,15/09/11,24/12/11,dead,1105
2009,J09/10,soeder,B21/13,1,29,135,4,3,1,0.75,3,0,0,8/12/09,25/12/09,J08/09,14/12/08,3/02/08,389,674,43,20/11/09,18,2,15/09/11,24/12/11,dead,1105
2009,J09/10,soeder,SDB2,1,30,138,4,4,0,1,2,2,0,16/11/09,3/12/09,J08/09,14/12/08,1/12/04,367,1811,21,16/11/09,0,0,15/02/09,2/10/11,dead,1022
2009,J09/10,soeder,B1/13A,1,31,139,4,0,4,0,NA,0,0,28/10/09,NA,J08/09,14/12/08,17/12/08,318,315,2,NA,NA,2,15/09/11,6/11/11,dead,1057
2009,J09/10,soeder,B1/13A,1,31,140,4,3,1,0.75,NA,3,0,25/11/09,NA,J08/09,14/12/08,31/01/08,346,664,30,25/11/09,0,2,15/09/11,6/11/11,dead,1057
2009,J09/10,soeder,WR5,1,32,141,4,3,1,0.75,1,2,1,26/11/09,13/12/09,J08/09,19/12/08,1/12/01,377,2917,31,26/11/09,0,2,15/02/13,12/12/12,dead,1519
2009,J09/10,soeder,B21/11,1,33,142,3,2,1,0.666666667,NA,2,0,26/11/09,13/12/09,J08/09,20/12/08,30/12/08,377,331,31,26/11/09,0,0,15/09/10,9/12/10,dead,719
2009,J09/10,soeder,B23/1,1,34,103,3,3,0,1,3,0,0,5/12/09,21/12/09,J08/09,23/12/08,NA,385,NA,40,5/12/09,0,0,15/09/09,9/12/09,dead,351
2009,J09/10,soeder,B1/1,1,34,103,3,2,1,0.666666667,2,0,0,9/12/09,25/12/09,J08/09,23/12/08,NA,351,NA,44,NA,NA,0,15/09/09,9/12/09,dead,351
2009,J09/10,soeder,B1/2,1,35,143,4,2,2,0.5,2,0,0,11/11/09,29/11/09,J08/09,23/12/08,2/02/09,363,282,16,11/11/09,0,0,15/09/11,5/12/11,dead,1077
2009,J09/10,soeder,B1/3,Rep 1,35,143,3,2,1,0.666666667,NA,2,0,23/12/09,9/01/10,J08/09,23/12/08,2/02/09,404,324,58,11/11/09,42,0,15/09/11,5/12/11,dead,1077
2009,J09/10,soeder,B1/15,1?,36,111,4,2,2,0.5,1,1,0,20/11/09,7/12/09,J08/09,24/12/08,1/12/03,371,2181,25,20/11/09,0,0,15/09/10,30/10/10,dead,675
2009,J09/10,soeder,FB/1,1,37,103,3,3,0,1,3,0,0,8/12/09,25/12/09,J08/09,26/12/08,NA,389,NA,43,8/12/09,0,0,15/02/09,8/12/09,dead,347
2009,J09/10,soeder,B3/1,1,38,144,3,3,0,1,3,0,0,1/01/10,17/01/10,J08/09,6/01/09,21/12/08,381,376,67,1/01/10,0,1,15/09/09,28/10/10,dead,660
2009,J09/10,soeder,WV4,1,39,103,4,1,3,0.25,1,0,0,7/12/09,26/12/09,J08/09,4/02/09,NA,328,NA,42,7/12/09,0,4,15/09/11,20/12/12,dead,1415
2009,J09/10,soeder,SDB5,1,40,129,4,0,4,0,NA,0,0,NA,NA,J08/09,9/02/09,10/12/08,NA,NA,NA,NA,NA,0,15/09/10,17/12/10,dead,676
2010,J10/11,walker,B2/13,1,41,145,5,5,0,1,1,4,1,31/10/10,19/11/10,J09/10,NA,1/02/05,NA,2098,9,31/10/10,0,1,15/09/11,15/11/12,dead,NA
2010,J10/11,walker,B2/14,2,41,145,3,3,0,1,3,0,1,1/01/11,17/01/11,J09/10,NA,1/02/05,NA,2160,71,31/10/10,62,1,15/09/11,15/11/12,dead,NA
2010,J10/11,walker,B22/28,1,1,114,5,3,2,0.6,0,3,0,29/10/10,16/11/10,J05/06,1/12/05,1/12/04,1811,2158,7,26/10/07,1099,2,15/02/15,10/12/15,dead,3661
2010,J10/11,walker,B22/27,2,1,114,4,3,1,0.75,3,0,0,30/12/10,15/01/11,J05/06,1/12/05,1/12/04,1871,2220,69,26/10/07,1161,2,15/02/15,10/12/15,dead,3661
2010,J10/11,walker,SC/1,1,14,146,5,4,1,0.8,1,3,1,3/11/10,22/11/10,J06/07,1/12/06,19/12/08,1452,684,12,15/11/07,1084,1,15/02/11,3/11/10,dead,1537
2010,J10/11,walker,SC/K30,2,14,146,4,3,1,0.75,0,3,1,NA,17/01/11,J06/07,1/12/06,19/12/08,1508,NA,NA,15/11/07,NA,1,15/02/11,3/11/10,dead,1537
2010,J10/11,walker,SV/1,1,6,103,5,3,2,0.6,3,0,0,15/11/10,3/12/10,J05/06,1/12/05,NA,1828,NA,24,30/10/07,1112,1,15/02/13,5/01/13,dead,2633
2010,J10/11,walker,SV/2,R1,6,103,4,3,1,0.75,3,0,0,28/12/10,14/01/11,J05/06,1/12/05,NA,1870,NA,67,30/10/07,1155,1,15/02/13,5/01/13,dead,2633
2010,J10/11,walker,B22/8,1,9,110,5,4,1,0.8,0,4,0,26/10/10,13/11/10,J05/06,1/12/05,1/12/03,1808,2521,4,24/10/07,1098,2,15/02/10,28/12/10,dead,1853
2010,J10/11,walker,B22/8,2,9,110,4,3,1,0.75,2,0,0,28/12/10,14/01/11,J05/06,1/12/05,1/12/03,1870,2584,67,24/10/07,1161,2,15/02/10,28/12/10,dead,1853
2010,J10/11,walker,B22/24,1,16,103,5,3,2,0.6,0,3,1,25/10/10,12/11/10,J05/06,1/12/05,NA,1807,NA,3,25/10/08,730,4,15/09/12,21/12/10,dead,2480
2010,J10/11,walker,B22/23,2,16,147,4,2,2,0.5,0,2,1,21/12/10,7/01/11,J05/06,1/12/05,24/12/09,1863,362,60,25/10/08,787,4,15/09/12,21/12/10,dead,2480
2010,J10/11,walker,B23/5,1,11,103,5,5,0,1,5,0,0,31/10/10,18/11/10,J05/06,1/12/05,NA,1813,NA,9,4/11/08,726,1,15/09/10,31/10/10,dead,1795
2010,J10/11,walker,WV4,1,17,130,4,3,1,0.75,0,3,2,30/10/10,16/11/10,J06/07,1/12/06,23/12/07,1446,1042,8,6/12/07,1059,2,15/09/11,6/01/11,dead,1749
2010,J10/11,walker,WV3,2,17,130,4,4,0,1,1,3,2,6/01/11,22/01/11,J06/07,1/12/06,23/12/07,1513,1110,76,6/12/07,1127,2,15/09/11,6/01/11,dead,1749
2010,J10/11,walker,B22/36,1,18,123,4,4,0,1,0,4,0,3/11/10,21/11/10,J07/08,10/12/07,1/12/04,1086,2163,12,3/11/10,0,1,15/09/09,5/01/11,dead,1122
2010,J10/11,walker,B22/36,2,18,123,4,4,0,1,4,0,0,5/01/11,22/01/11,J07/08,10/12/07,1/12/04,1148,2226,75,3/11/10,63,1,15/09/09,5/01/11,dead,1122
2010,J10/11,walker,B4/1,1,20,103,5,5,0,1,1,4,0,29/10/10,18/11/10,J07/08,14/12/07,NA,1083,NA,7,29/10/10,0,3,15/02/17,28/11/16,dead,3351
2010,J10/11,walker,B4/1,2,20,103,3,2,1,0.666666667,2,0,0,29/12/10,14/01/11,J07/08,14/12/07,NA,1140,NA,68,29/10/10,61,3,15/02/17,28/11/16,dead,3351
2010,J10/11,walker,B22/13a,1,21,132,4,4,0,1,1,3,0,31/10/10,17/11/10,J07/08,14/12/07,1/01/07,1082,1399,9,23/11/08,707,0,15/09/13,22/10/13,dead,2139
2010,J10/11,walker,CH2,1,22,148,5,5,0,1,2,3,0,31/10/10,19/11/10,J07/08,20/12/07,1/02/10,1084,272,9,18/11/08,712,0,15/02/16,31/01/16,dead,2979
2010,J10/11,walker,CH2,2,22,148,3,2,1,0.666666667,2,0,0,9/01/11,26/01/11,J07/08,20/12/07,1/02/10,1152,342,79,18/11/08,782,0,15/02/16,31/01/16,dead,2979
2010,J10/11,walker,B22/19,1,23,149,5,3,2,0.6,0,3,0,3/11/10,22/11/10,J07/08,17/12/07,20/12/08,1052,683,12,NA,NA,1,15/02/09,22/10/13,dead,2136
2010,J10/11,walker,B21/4,1,24,135,4,2,2,0.5,0,2,0,24/10/10,12/11/10,J07/08,19/12/07,3/02/08,1077,994,2,27/11/08,696,0,15/02/16,29/01/16,dead,2980
2010,J10/11,walker,B21/6,2,24,135,4,4,0,1,3,1,0,14/12/10,31/12/10,J07/08,19/12/07,3/02/08,1126,1045,53,27/11/08,747,0,15/02/16,29/01/16,dead,2980
2010,J10/11,walker,B21/4,1,24,135,3,3,0,1,3,0,0,7/01/11,24/01/11,J07/08,19/12/07,3/02/08,1115,1069,77,NA,NA,0,15/02/16,29/01/16,dead,2980
2010,J10/11,walker,FB/1,1,25,150,5,5,0,1,1,4,0,3/11/10,21/11/10,J07/08,27/12/07,14/01/10,1086,293,12,21/11/08,712,0,15/09/10,2/01/11,dead,1102
2010,J10/11,walker,FB/2,2,25,150,3,3,0,1,3,0,0,2/01/11,18/01/11,J07/08,27/12/07,14/01/10,1144,353,72,21/11/08,772,0,15/09/10,2/01/11,dead,1102
2010,J10/11,walker,B2/11,1,26,136,5,5,0,1,1,4,0,1/11/10,19/11/10,J07/08,30/12/07,1/01/07,1084,1400,10,18/11/08,713,0,15/09/12,8/11/12,dead,1775
2010,J10/11,walker,B2/11,2,26,136,4,3,1,0.75,3,0,0,29/12/10,15/01/11,J07/08,30/12/07,1/01/07,1141,1458,68,18/11/08,771,0,15/09/12,8/11/12,dead,1775
2010,J10/11,walker,B22/30,1,27,151,4,0,4,0,0,0,0,6/11/10,NA,J07/08,7/01/08,1/12/04,1034,2166,NA,#NAME?,NA,0,15/02/08,6/11/10,dead,1034
2010,J10/11,walker,B23/2,R1,27,103,5,4,1,0.8,4,0,0,NA,15/12/10,J07/08,7/01/08,NA,1079,NA,NA,#NAME?,NA,0,15/02/08,6/11/10,dead,1034
2010,J10/11,walker,B1/26,1,28,103,4,0,4,0,0,0,1,29/10/10,NA,J08/09,14/12/08,NA,684,NA,7,NA,NA,2,15/02/10,1/11/12,dead,1418
2010,J10/11,walker,B1/8b,1,28,103,4,2,2,0.5,0,2,1,NA,20/11/10,J08/09,14/12/08,NA,NA,NA,NA,NA,NA,2,15/02/10,1/11/12,dead,1418
2010,J10/11,walker,SDB/1,1,29,103,4,4,0,1,0,4,0,28/10/10,15/11/10,J08/09,14/12/08,NA,714,NA,6,28/10/10,0,2,15/09/11,24/12/11,dead,1105
2010,J10/11,walker,SDB/1b,2,29,103,5,5,0,1,5,0,0,29/12/10,15/01/11,J08/09,14/12/08,NA,775,NA,68,28/10/10,62,2,15/09/11,24/12/11,dead,1105
2010,J10/11,walker,B1/16b,1,31,152,5,4,1,0.8,0,4,0,1/11/10,19/11/10,J08/09,14/12/08,16/01/10,718,289,10,25/11/09,341,2,15/09/11,6/11/11,dead,1057
2010,J10/11,walker,B1/16b,2,31,152,2,1,1,0.5,1,0,0,3/01/11,18/01/11,J08/09,14/12/08,16/01/10,778,352,73,25/11/09,404,2,15/09/11,6/11/11,dead,1057
2010,J10/11,walker,B1/26,2,42,103,4,3,1,0.75,1,2,0,29/12/10,15/01/11,J08/09,16/12/08,NA,775,NA,68,29/12/10,0,0,15/09/11,27/11/14,dead,2172
2010,J10/11,walker,WR4,1,32,141,4,4,0,1,1,3,1,29/10/10,15/11/10,J08/09,19/12/08,1/12/01,714,3254,7,26/11/09,337,2,15/02/13,12/12/12,dead,1519
2010,J10/11,walker,WR5,2,32,103,4,3,1,0.75,3,0,1,30/12/10,15/01/11,J08/09,19/12/08,NA,775,NA,69,26/11/09,399,2,15/02/13,12/12/12,dead,1519
2010,J10/11,walker,B21/8,1,33,137,5,5,0,1,5,0,0,30/10/10,18/11/10,J08/09,20/12/08,16/12/07,679,1049,8,26/11/09,338,0,15/09/10,9/12/10,dead,719
2010,J10/11,walker,LA/SB4B,R1,33,103,4,2,2,0.5,2,0,0,8/11/10,NA,J08/09,20/12/08,NA,688,NA,NA,26/11/09,NA,0,15/09/10,9/12/10,dead,719
2010,J10/11,walker,B21/7,R1,33,137,4,3,1,0.75,3,0,0,9/12/10,26/12/10,J08/09,20/12/08,16/12/07,719,1089,48,26/11/09,378,0,15/09/10,9/12/10,dead,719
2010,J10/11,walker,LA/SB5B,1,33,153,4,2,2,0.5,2,0,0,NA,25/11/10,J08/09,20/12/08,26/12/07,705,NA,NA,26/11/09,NA,0,15/09/10,9/12/10,dead,719
2010,J10/11,walker,B1/3,1,35,143,5,5,0,1,1,3,0,28/10/10,15/11/10,J08/09,23/12/08,2/02/09,714,633,6,11/11/09,351,0,15/09/11,5/12/11,dead,1077
2010,J10/11,walker,B1/2,2,35,143,3,1,2,0.333333333,1,0,0,31/12/10,15/01/11,J08/09,23/12/08,2/02/09,775,697,70,11/11/09,415,0,15/09/11,5/12/11,dead,1077
2010,J10/11,walker,B1/18,1,36,154,5,2,3,0.4,1,0,0,30/10/10,18/11/10,J08/09,24/12/08,1/12/02,717,2890,8,20/11/09,344,0,15/09/10,30/10/10,dead,675
2010,J10/11,walker,B2/9,1,43,125,4,0,4,0,0,0,0,2/11/10,NA,J08/09,1/01/09,1/12/06,670,1432,11,2/11/10,0,0,15/09/10,2/11/10,dead,670
2010,J10/11,walker,B3/3,1,38,144,4,3,1,0.75,1,2,1,28/10/10,14/11/10,J08/09,6/01/09,21/12/08,682,676,6,1/01/10,300,1,15/09/09,28/10/10,dead,660
2010,J10/11,walker,WR2,1,39,155,4,4,0,1,1,3,2,3/11/10,20/11/10,J08/09,4/02/09,1/12/05,657,1798,12,7/12/09,331,4,15/09/11,20/12/12,dead,1415
2010,J10/11,walker,WR2,2,39,155,4,3,1,0.75,0,3,2,3/01/11,21/01/11,J08/09,4/02/09,1/12/05,719,1859,73,7/12/09,392,4,15/09/11,20/12/12,dead,1415
2010,J10/11,walker,SDB/5,1,40,128,5,2,3,0.4,2,0,0,1/11/10,20/11/10,J08/09,9/02/09,30/12/08,657,671,10,1/11/10,0,0,15/09/10,17/12/10,dead,676
2010,J10/11,walker,SDB/4,R1,40,128,4,2,2,0.5,2,0,0,17/12/10,3/01/11,J08/09,9/02/09,30/12/08,701,717,56,1/11/10,46,0,15/09/10,17/12/10,dead,676
2010,J10/11,walker,B4/3,1,44,156,4,3,1,0.75,0,3,1,1/11/10,18/11/10,J08/09,9/02/09,1/12/06,655,1431,10,21/01/00,3937,2,15/09/13,15/09/13,dead,1679
2010,J10/11,walker,B4/3,2,44,156,4,4,0,1,4,0,1,6/01/11,23/01/11,J08/09,9/02/09,1/12/06,721,1497,76,21/01/00,4003,2,15/09/13,15/09/13,dead,1679
2010,J10/11,walker,WRK21,1,45,141,4,3,1,0.75,1,1,0,NA,28/11/10,J09/10,19/01/10,1/12/01,331,NA,NA,NA,NA,0,15/09/10,,dead,239
2010,J10/11,walker,AB/2,1,46,157,3,2,1,0.666666667,2,0,0,11/11/10,29/11/10,J09/10,19/01/10,17/12/08,332,694,20,11/11/10,0,2,15/09/13,8/10/13,dead,1358
2010,J10/11,walker,B2/15,1,47,158,5,3,2,0.6,3,0,0,9/11/10,27/11/10,J09/10,15/01/10,31/12/09,330,313,18,9/11/10,0,0,15/02/11,26/12/10,dead,396
2010,J10/11,walker,B2/15,R1,47,137,3,3,0,1,3,0,0,26/12/10,13/01/11,J09/10,15/01/10,16/12/07,377,1106,65,9/11/10,47,0,15/02/11,26/12/10,dead,396
2010,J10/11,walker,SDB/3,1,48,129,4,3,1,0.75,1,2,0,11/11/10,28/11/10,J09/10,26/12/09,10/12/08,362,701,20,11/11/10,0,0,15/09/12,30/10/12,dead,1039
2010,J10/11,walker,B1/15,1,49,111,5,4,1,0.8,0,4,0,30/10/10,18/11/10,J09/10,31/12/09,1/12/03,352,2525,8,30/10/10,0,0,15/09/13,30/10/10,dead,1354
2010,J10/11,walker,B1/27,1,50,159,5,4,1,0.8,1,3,0,5/11/10,23/11/10,J09/10,1/01/10,1/12/05,326,1800,14,5/11/10,0,0,15/09/10,5/11/10,dead,308
2010,J10/11,walker,B1/10,1,51,160,4,4,0,1,2,2,0,8/11/10,26/11/10,J09/10,9/01/10,2/02/09,329,644,17,8/11/10,0,0,15/09/11,23/12/11,dead,713
2011,J11/12,goh,B2/13,1,41,145,4,3,1,0.75,0,3,0,26/11/11,15/12/11,J09/10,NA,1/02/05,NA,2489,60,31/10/10,391,1,15/09/11,15/11/12,dead,NA
2011,J11/12,goh,B22/28,1,1,114,5,2,3,0.4,0,2,0,7/11/11,26/11/11,J05/06,1/12/05,1/12/04,2186,2532,41,26/10/07,1473,2,15/02/15,10/12/15,dead,3661
2011,J11/12,goh,B22/27,2,1,114,4,4,0,1,4,0,0,31/12/11,18/01/12,J05/06,1/12/05,1/12/04,2239,2586,95,26/10/07,1527,2,15/02/15,10/12/15,dead,3661
2011,J11/12,goh,B1/24,1,6,103,5,3,2,0.6,1,2,0,6/11/11,26/11/11,J05/06,1/12/05,NA,2186,NA,40,30/10/07,1468,1,15/02/13,5/01/13,dead,2633
2011,J11/12,goh,B1/1,2,6,103,2,0,2,0,0,0,0,5/01/12,NA,J05/06,1/12/05,NA,2226,NA,100,30/10/07,1528,1,15/02/13,5/01/13,dead,2633
2011,J11/12,goh,B22/24,1,16,147,4,1,3,0.25,NA,0,0,NA,12/10/11,J05/06,1/12/05,24/12/09,2141,NA,NA,22/10/07,NA,4,15/09/12,21/12/10,dead,2480
2011,J11/12,goh,DB/4,1,20,161,4,3,1,0.75,0,3,1,12/11/11,29/11/11,J07/08,14/12/07,17/12/07,1459,1426,46,29/10/10,379,3,15/02/17,28/11/16,dead,3351
2011,J11/12,goh,B22/13b,1,21,162,2,1,1,0.5,0,1,0,10/11/11,27/11/11,J07/08,14/12/07,9/12/10,1457,336,44,23/11/08,1082,0,15/09/13,22/10/13,dead,2139
2011,J11/12,goh,CH2,1,22,103,5,5,0,1,1,4,0,5/11/11,24/11/11,J07/08,20/12/07,NA,1454,NA,39,18/11/08,1082,0,15/02/16,31/01/16,dead,2979
2011,J11/12,goh,B22/30,1,23,151,4,2,2,0.5,1,1,0,25/11/11,13/12/11,J07/08,17/12/07,1/12/04,1439,2550,59,NA,NA,1,15/02/09,22/10/13,dead,2136
2011,J11/12,goh,B5/4,1,24,163,4,3,1,0.75,3,0,0,9/11/11,27/11/11,J07/08,19/12/07,17/01/10,1457,661,43,27/11/08,1077,0,15/02/16,29/01/16,dead,2980
2011,J11/12,goh,B21/11,1,26,164,5,4,1,0.8,4,0,0,16/11/11,4/12/11,J07/08,30/12/07,8/01/10,1464,677,#REF!,18/11/08,1093,0,15/09/12,8/11/12,dead,1775
2011,J11/12,goh,B1/26,1,28,103,4,3,1,0.75,3,0,0,18/11/11,9/12/11,J08/09,14/12/08,NA,1069,NA,#REF!,NA,NA,2,15/02/10,1/11/12,dead,1418
2011,J11/12,goh,SDB/1,1,29,103,5,3,2,0.6,0,3,1,4/11/11,23/11/11,J08/09,14/12/08,NA,1087,NA,38,28/10/10,372,2,15/09/11,24/12/11,dead,1105
2011,J11/12,goh,SDB/1B,2,29,103,5,5,0,1,4,1,1,24/12/11,NA,J08/09,14/12/08,NA,1105,NA,88,28/10/10,422,2,15/09/11,24/12/11,dead,1105
2011,J11/12,goh,SDB/2,1,30,129,4,3,1,0.75,1,2,0,2/10/11,20/10/11,J08/09,13/12/08,10/12/08,1023,1026,0,28/10/10,339,0,15/02/09,2/10/11,dead,1023
2011,J11/12,goh,B1/23,1,31,152,5,4,1,0.8,1,3,2,6/11/11,26/11/11,J08/09,14/12/08,16/01/10,1090,659,40,25/11/09,711,2,15/09/11,6/11/11,dead,1057
2011,J11/12,goh,LWV1,1,52,165,4,3,1,0.75,1,2,0,11/11/11,2/12/11,J08/09,16/12/08,6/01/09,1096,1039,45,11/11/11,0,0,15/09/09,11/11/11,dead,1060
2011,J11/12,goh,WV2,1,32,166,4,2,2,0.5,1,1,0,12/10/11,30/10/11,J08/09,19/12/08,19/02/08,1063,1331,15,26/11/09,685,2,15/02/13,12/12/12,dead,1519
2011,J11/12,goh,WR4,2,32,166,4,3,1,0.75,1,2,0,7/12/11,25/12/11,J08/09,19/12/08,19/02/08,1119,1387,71,26/11/09,741,2,15/02/13,12/12/12,dead,1519
2011,J11/12,goh,SBB/5B,1,53,153,4,4,0,1,1,3,1,NA,24/12/11,J08/09,22/12/08,26/12/07,1118,NA,NA,NA,NA,1,15/09/12,11/11/12,dead,1420
2011,J11/12,goh,B1/3,1,35,167,4,4,0,1,1,3,0,8/10/11,27/10/11,J08/09,23/12/08,10/12/10,1060,302,11,11/11/09,696,0,15/09/11,5/12/11,dead,1077
2011,J11/12,goh,B1/2,2,35,167,4,3,1,0.75,3,0,0,5/12/11,23/12/11,J08/09,23/12/08,10/12/10,1117,360,69,11/11/09,754,0,15/09/11,5/12/11,dead,1077
2011,J11/12,goh,WR1,1,39,103,4,4,0,1,0,4,2,13/11/11,30/11/11,J08/09,4/02/09,NA,1032,NA,47,7/12/09,706,4,15/09/11,20/12/12,dead,1415
2011,J11/12,goh,B4/4,1,44,156,4,2,2,0.5,0,2,0,30/09/11,18/10/11,J08/09,9/02/09,1/12/06,989,1764,3,15/11/07,1415,2,15/09/13,15/09/13,dead,1679
2011,J11/12,goh,B4/3,2,44,156,5,4,1,0.8,4,0,0,1/12/11,19/12/11,J08/09,9/02/09,1/12/06,1051,1826,65,15/11/07,1477,2,15/09/13,15/09/13,dead,1679
2011,J11/12,goh,FB/4,1,46,168,4,4,0,1,1,3,1,12/11/11,30/11/11,J09/10,19/01/10,5/12/10,698,342,#REF!,11/11/10,366,2,15/09/13,8/10/13,dead,1358
2011,J11/12,goh,B6/3,1,48,169,4,4,0,1,0,4,0,8/11/11,26/11/11,J09/10,26/12/09,4/01/10,725,673,42,11/11/10,362,0,15/09/12,30/10/12,dead,1039
2011,J11/12,goh,B6/4,2,48,169,2,1,1,0.5,1,0,0,29/12/11,15/01/12,J09/10,26/12/09,4/01/10,775,724,93,11/11/10,413,0,15/09/12,30/10/12,dead,1039
2011,J11/12,goh,B1/10,1,51,160,4,4,0,1,2,2,0,5/11/11,22/11/11,J09/10,9/01/10,2/02/09,690,1006,#REF!,8/11/10,362,0,15/09/11,23/12/11,dead,713
2011,J11/12,goh,B1/9,2,51,160,3,3,0,1,3,0,0,23/12/11,8/01/12,J09/10,9/01/10,2/02/09,737,1054,87,8/11/10,410,0,15/09/11,23/12/11,dead,713
2011,J11/12,goh,AB/2,1,54,157,4,4,0,1,1,3,0,23/11/11,11/12/11,J10/11,15/12/10,17/12/08,375,1071,57,23/11/11,0,1,15/02/13,16/12/12,dead,793
2011,J11/12,goh,B22/18,1,55,170,4,4,0,1,4,0,0,10/12/11,28/12/11,J10/11,27/01/11,18/12/10,361,357,74,10/12/11,0,0,15/02/11,10/12/11,dead,317
2011,J11/12,goh,B22/7,1,56,123,2,1,1,0.5,0,1,0,4/12/11,22/12/11,J10/11,5/02/11,1/12/04,324,2559,68,4/12/11,0,0,15/09/15,8/12/15,dead,1767
2012,J12/13,smithC,B2/13,1,41,171,4,0,4,0,0,0,0,15/11/12,NA,J09/10,NA,18/11/11,NA,363,23,31/10/10,746,1,15/09/11,15/11/12,dead,NA
2012,J12/13,smithC,B22/27,1,1,172,5,4,1,0.8,0,3,0,6/11/12,25/11/12,J05/06,1/12/05,18/11/11,2551,354,14,26/10/07,1838,2,15/02/15,10/12/15,dead,3661
2012,J12/13,smithC,B22/28,2,1,172,4,3,1,0.75,3,0,0,29/12/12,15/01/13,J05/06,1/12/05,18/11/11,2602,407,67,26/10/07,1891,2,15/02/15,10/12/15,dead,3661
2012,J12/13,smithC,SV/2,1,6,173,4,4,0,1,2,2,0,9/11/12,28/11/12,J05/06,1/12/05,2/01/12,2554,312,17,22/10/07,1845,1,15/02/13,5/01/13,dead,2633
2012,J12/13,smithC,SV/1,2,6,173,3,3,0,1,3,0,0,5/01/13,20/01/13,J05/06,1/12/05,2/01/12,2607,369,74,22/10/07,1902,1,15/02/13,5/01/13,dead,2633
2012,J12/13,smithC,B5/1,1,20,174,4,4,0,1,2,2,0,6/11/12,23/11/12,J07/08,14/12/07,1/11/03,1819,3293,14,3/12/08,1434,3,15/02/17,28/11/16,dead,3351
2012,J12/13,smithC,B5/4,2,20,175,4,4,0,1,4,0,0,28/12/12,14/01/13,J07/08,14/12/07,2/01/12,1871,361,66,3/12/08,1486,3,15/02/17,28/11/16,dead,3351
2012,J12/13,smithC,B22/13B,1,21,162,2,2,0,1,0,2,0,4/11/12,20/11/12,J07/08,14/12/07,9/12/10,1816,696,12,23/11/08,1442,0,15/09/13,22/10/13,dead,2139
2012,J12/13,smithC,CH2,1,22,125,4,4,0,1,0,4,0,28/10/12,17/11/12,J07/08,20/12/07,1/12/06,1813,2158,5,18/11/08,1440,0,15/02/16,31/01/16,dead,2979
2012,J12/13,smithC,B22/20,1,23,176,5,5,0,1,0,5,1,23/11/12,12/12/12,J07/08,17/12/07,25/12/11,1803,334,31,NA,NA,1,15/02/09,22/10/13,dead,2136
2012,J12/13,smithC,WV3,1,24,177,4,4,0,1,1,3,0,1/11/12,20/11/12,J07/08,19/12/07,1/12/04,1816,2892,9,27/11/08,1435,0,15/02/16,29/01/16,dead,2980
2012,J12/13,smithC,WV4,2?,24,103,2,0,2,0,0,0,0,18/12/12,NA,J07/08,19/12/07,NA,1826,NA,56,18/12/12,0,0,15/02/16,29/01/16,dead,2980
2012,J12/13,smithC,WV4,2,24,0,4,0,4,0,0,0,0,26/12/12,NA,J07/08,19/12/07,12/01/12,1834,349,64,27/11/08,1490,0,15/02/16,29/01/16,dead,2980
2012,J12/13,smithC,B2/11,1,26,0,5,4,1,0.8,0,4,0,8/11/12,27/11/12,J07/08,30/12/07,23/12/07,1823,1782,16,18/11/08,1451,0,15/09/12,8/11/12,dead,1775
2012,J12/13,smithC,B1/26,1,28,103,4,3,1,0.75,0,3,1,1/11/12,19/11/12,J08/09,14/12/08,NA,1418,NA,9,NA,NA,2,15/02/10,1/11/12,dead,1418
2012,J12/13,smithC,Sd/1B,1,57,103,5,5,0,1,1,4,0,29/10/12,16/11/12,J08/09,18/12/08,NA,1446,NA,6,29/10/12,0,0,15/09/09,29/10/12,dead,1411
2012,J12/13,smithC,WV2,1,32,0,4,3,1,0.75,0,3,0,27/10/12,13/11/12,J08/09,19/12/08,21/01/12,1443,280,4,5/12/09,1057,2,15/02/13,12/12/12,dead,1519
2012,J12/13,smithC,WR5,2,32,0,4,2,2,0.5,0,2,0,12/12/12,29/12/12,J08/09,19/12/08,5/12/10,1489,738,50,5/12/09,1103,2,15/02/13,12/12/12,dead,1519
2012,J12/13,smithC,LaV/5a,1,53,153,4,0,4,0,0,0,0,11/11/12,NA,J08/09,22/12/08,26/12/07,1420,1782,19,11/11/12,0,1,15/09/12,11/11/12,dead,1420
2012,J12/13,smithC,WR1,1,39,0,5,5,0,1,2,3,0,30/10/12,16/11/12,J08/09,4/02/09,16/12/11,1384,319,7,7/12/09,1058,4,15/09/11,20/12/12,dead,1415
2012,J12/13,smithC,WR2,2,39,0,4,3,1,0.75,3,0,0,20/12/12,6/01/13,J08/09,4/02/09,16/12/11,1435,370,58,7/12/09,1109,4,15/09/11,20/12/12,dead,1415
2012,J12/13,smithC,B4/4,1,44,0,4,3,1,0.75,0,3,1,1/11/12,20/11/12,J08/09,9/02/09,1/12/06,1388,2162,9,15/11/07,1813,2,15/09/13,15/09/13,dead,1679
2012,J12/13,smithC,B4/3,2,44,0,4,4,0,1,4,0,1,26/12/12,12/01/13,J08/09,9/02/09,1/12/06,1441,2217,64,26/12/12,0,2,15/09/13,15/09/13,dead,1679
2012,J12/13,smithC,FB/4,1,46,168,4,2,2,0.5,0,2,0,1/11/12,19/11/12,J09/10,19/01/10,5/12/10,1053,697,9,11/11/10,721,2,15/09/13,8/10/13,dead,1358
2012,J12/13,smithC,FB/3,2,46,168,4,4,0,1,4,0,0,21/12/12,7/01/13,J09/10,19/01/10,5/12/10,1102,747,59,11/11/10,771,2,15/09/13,8/10/13,dead,1358
2012,J12/13,smithC,B6/3,1,48,0,5,3,2,0.6,NA,3,0,30/10/12,18/11/12,J09/10,26/12/09,16/12/11,1083,319,7,11/11/10,719,0,15/09/12,30/10/12,dead,1039
2012,J12/13,smithC,ab/6,1,54,157,4,3,1,0.75,0,3,1,29/10/12,16/11/12,J10/11,15/12/10,17/12/08,716,1412,6,23/11/11,341,1,15/02/13,16/12/12,dead,793
2012,J12/13,smithC,ab/2,2,54,157,4,3,1,0.75,0,3,1,16/12/12,2/01/13,J10/11,15/12/10,17/12/08,763,1460,54,23/11/11,389,1,15/02/13,16/12/12,dead,793
2012,J12/13,smithC,B22/33,1,56,0,4,4,0,1,4,0,0,4/11/12,22/11/12,J10/11,5/02/11,5/12/10,660,700,12,4/12/11,336,0,15/09/15,8/12/15,dead,1767
2012,J12/13,smithC,B21/12,1,58,164,4,4,0,1,0,4,1,9/11/12,26/11/12,J11/12,23/12/11,8/01/10,361,1036,17,9/11/12,0,3,15/09/13,14/12/14,dead,1087
2012,J12/13,smithC,B21/11,2,58,164,3,2,1,0.666666667,2,0,1,4/01/13,20/01/13,J11/12,23/12/11,8/01/10,416,1092,73,9/11/12,56,3,15/09/13,14/12/14,dead,1087
2012,J12/13,smithC,SD/3,1,59,0,4,4,0,1,4,0,0,4/12/12,22/12/12,J11/12,16/12/11,NA,387,NA,42,4/12/12,0,0,15/02/13,4/12/12,dead,427
2012,J12/13,smithC,B3/11,1,60,0,4,3,1,0.75,3,0,0,3/12/12,21/12/12,J11/12,19/12/11,25/12/11,386,344,41,3/12/12,0,0,15/02/12,4/11/17,dead,2147
2012,J12/13,smithC,SC/5,2,60,0,3,1,2,0.333333333,1,0,0,6/01/13,22/01/13,J11/12,19/12/11,28/12/11,418,375,75,3/12/12,34,0,15/02/12,4/11/17,dead,2147
2012,J12/13,smithC,B3/8,1,61,0,3,3,0,1,0,3,0,1/12/12,20/12/12,J11/12,20/12/11,5/01/10,385,1061,39,1/12/12,0,0,15/09/12,1/12/12,dead,347
2012,J12/13,smithC,WV8,1,62,0,3,2,1,0.666666667,2,0,0,26/12/12,11/01/13,J11/12,20/12/11,28/12/11,407,364,64,26/12/12,0,5,15/09/18,4/01/17,dead,2461
2012,J12/13,smithC,B1/3,1,63,0,3,0,3,0,0,0,0,30/10/12,NA,J11/12,31/12/11,30/01/08,304,1735,7,30/10/12,0,1,15/02/15,13/11/14,dead,1142
2012,J12/13,smithC,B1/3,R1,63,0,4,0,4,0,0,0,0,17/11/12,NA,J11/12,31/12/11,30/01/08,322,1753,25,30/10/12,18,1,15/02/15,13/11/14,dead,1142
2012,J12/13,smithC,B1/2,R2,63,0,3,3,0,1,3,0,0,19/12/12,4/01/13,J11/12,31/12/11,30/01/08,400,1785,57,30/10/12,50,1,15/02/15,13/11/14,dead,1142
2012,J12/13,smithC,B21/13,1,64,0,4,3,1,0.75,3,0,0,27/11/12,14/12/12,J11/12,20/12/11,6/12/10,379,722,35,27/11/12,0,0,15/09/12,27/11/12,dead,343
2012,J12/13,smithC,B22/17,1,65,0,4,4,0,1,1,3,0,4/12/12,20/12/12,J11/12,2/01/12,11/12/08,354,1454,42,4/12/12,0,0,15/02/13,28/10/13,dead,665
2012,J12/13,smithC,WV6,1,66,163,4,2,2,0.5,0,2,0,7/11/12,25/11/12,J11/12,25/12/11,17/01/10,360,1025,15,7/11/12,0,0,15/09/13,26/10/13,dead,671
2012,J12/13,smithC,WV7,1,66,0,4,4,0,1,4,0,0,24/11/12,11/12/12,J11/12,25/12/11,28/12/11,376,332,32,24/11/12,0,0,15/09/13,26/10/13,dead,671
2013,J13/14,smithC,B22/27,1,1,172,5,2,3,0.4,1,1,0,20/10/13,7/11/13,J05/06,1/12/05,18/11/11,2898,702,35,26/10/07,2186,2,15/02/15,10/12/15,dead,3661
2013,J13/14,smithC,B22/28,2,1,172,5,0,5,0,NA,0,0,6/12/13,NA,J05/06,1/12/05,18/11/11,2927,749,82,26/10/07,2233,2,15/02/15,10/12/15,dead,3661
2013,J13/14,smithC,B22/27,R2,1,172,3,2,1,0.666666667,2,0,0,6/01/14,23/01/14,J05/06,1/12/05,18/11/11,2975,780,113,26/10/07,2264,2,15/02/15,10/12/15,dead,3661
2013,J13/14,smithC,DB/3,1,20,0,3,2,1,0.666666667,NA,2,0,26/09/13,13/10/13,J07/08,14/12/07,25/12/11,2143,641,11,3/12/08,1758,3,15/02/17,28/11/16,dead,3351
2013,J13/14,smithC,DB/4,2,20,0,4,4,0,1,4,0,0,20/11/13,7/12/13,J07/08,14/12/07,25/12/11,2198,696,66,3/12/08,1813,3,15/02/17,28/11/16,dead,3351
2013,J13/14,smithC,DB/3,R2,20,0,3,2,1,0.666666667,2,0,0,5/01/14,22/01/14,J07/08,14/12/07,25/12/11,2244,742,112,3/12/08,1859,3,15/02/17,28/11/16,dead,3351
2013,J13/14,smithC,B22/13a,1,21,0,3,2,1,0.666666667,NA,2,0,22/10/13,9/11/13,J07/08,14/12/07,9/12/10,2139,1048,37,NA,NA,0,15/09/13,22/10/13,dead,2139
2013,J13/14,smithC,CH2,1,22,0,5,5,0,1,1,4,0,21/10/13,8/11/13,J07/08,20/12/07,16/12/12,2169,309,36,18/11/08,1798,0,15/02/16,31/01/16,dead,2979
2013,J13/14,smithC,CH2,2,22,0,4,3,1,0.75,1,2,0,20/12/13,8/01/14,J07/08,20/12/07,16/12/12,2230,369,96,18/11/08,1858,0,15/02/16,31/01/16,dead,2979
2013,J13/14,smithC,B22/19,1,23,176,5,4,1,0.8,4,0,0,22/10/13,9/11/13,J07/08,17/12/07,25/12/11,2136,667,37,NA,NA,1,15/02/09,22/10/13,dead,2136
2013,J13/14,smithC,WV3,1,24,103,5,5,0,1,3,2,0,17/10/13,5/11/13,J07/08,19/12/07,NA,2166,NA,32,27/11/08,1785,0,15/02/16,29/01/16,dead,2980
2013,J13/14,smithC,(Kakarikibox)K32,2,24,103,4,2,2,0.5,2,0,0,18/12/13,5/01/14,J07/08,19/12/07,NA,2227,NA,94,27/11/08,1847,0,15/02/16,29/01/16,dead,2980
2013,J13/14,smithC,B4/4,1,44,156,4,3,1,0.75,1,2,0,15/09/13,30/09/13,J08/09,9/02/09,1/12/06,1702,2480,0,15/11/07,2131,2,15/09/13,15/09/13,dead,1679
2013,J13/14,smithC,FB/4,1,46,168,4,4,0,1,NA,4,1,8/10/13,26/10/13,J09/10,19/01/10,5/12/10,1394,1038,23,11/11/10,1062,2,15/09/13,8/10/13,dead,1358
2013,J13/14,smithC,B22/25,1,56,0,5,5,0,1,5,0,0,11/10/13,29/10/13,J10/11,5/02/11,11/12/08,1001,1765,26,15/11/11,696,0,15/09/15,8/12/15,dead,1767
2013,J13/14,smithC,B22/29a,1,56,0,4,3,1,0.75,3,0,0,13/10/13,1/11/13,J10/11,5/02/11,1/12/06,1004,2508,28,15/11/11,698,0,15/09/15,8/12/15,dead,1767
2013,J13/14,smithC,B22/29,R1,56,0,4,3,1,0.75,3,0,0,25/11/13,11/12/13,J10/11,5/02/11,1/12/06,1044,2551,71,15/11/11,741,0,15/09/15,8/12/15,dead,1767
2013,J13/14,smithC,B22/23,R2,56,147,2,2,0,1,2,0,0,26/12/13,12/01/14,J10/11,5/02/11,24/12/09,1076,1463,102,15/11/11,772,0,15/09/15,8/12/15,dead,1767
2013,J13/14,smithC,SDB/1b,1,58,0,4,3,1,0.75,NA,3,2,5/10/13,23/10/13,J11/12,23/12/11,21/01/12,692,623,20,5/10/13,0,3,15/09/13,14/12/14,dead,1087
2013,J13/14,smithC,SDB/1b,2,58,0,4,4,0,1,NA,4,2,27/11/13,15/12/13,J11/12,23/12/11,21/01/12,745,676,73,5/10/13,53,3,15/09/13,14/12/14,dead,1087
2013,J13/14,smithC,SC/5,1,60,0,5,4,1,0.8,1,3,0,25/10/13,12/11/13,J11/12,19/12/11,17/12/11,676,678,40,3/12/12,326,0,15/02/12,4/11/17,dead,2147
2013,J13/14,smithC,SC/5,2,60,0,3,2,1,0.666666667,2,0,0,20/01/14,5/02/14,J11/12,19/12/11,17/12/11,763,765,127,3/12/12,413,0,15/02/12,4/11/17,dead,2147
2013,J13/14,smithC,WV8,1,62,0,4,4,0,1,NA,4,2,18/10/13,5/11/13,J11/12,20/12/11,12/01/12,705,645,33,18/10/13,0,5,15/09/18,4/01/17,dead,2461
2013,J13/14,smithC,FB/2,1,63,150,5,5,0,1,2,3,0,20/10/13,8/11/13,J11/12,31/12/11,14/01/10,708,1375,35,30/10/12,355,1,15/02/15,13/11/14,dead,1142
2013,J13/14,smithC,FB/2,2,63,150,4,3,1,0.75,3,0,0,7/01/14,25/01/14,J11/12,31/12/11,14/01/10,786,1454,114,30/10/12,434,1,15/02/15,13/11/14,dead,1142
2013,J13/14,smithC,B21/14,1,65,0,4,4,0,1,NA,4,0,28/10/13,16/11/13,J11/12,2/01/12,25/12/11,685,673,43,28/10/13,0,0,15/02/13,28/10/13,dead,665
2013,J13/14,smithC,WV6,1,66,103,4,4,0,1,1,3,0,26/10/13,13/11/13,J11/12,25/12/11,NA,713,NA,41,7/11/12,353,0,15/09/13,26/10/13,dead,671
2013,J13/14,smithC,DB/2,1,67,103,4,3,1,0.75,1,2,0,24/10/13,11/11/13,J12/13,16/12/12,NA,330,NA,39,24/10/13,0,0,15/02/13,13/01/14,dead,393
2013,J13/14,smithC,DB/2,2,67,103,3,2,1,0.666666667,2,0,0,13/01/14,31/01/14,J12/13,16/12/12,NA,411,NA,120,24/10/13,81,0,15/02/13,13/01/14,dead,393
2013,J13/14,smithC,B3/6,1,68,0,5,4,1,0.8,4,0,0,26/10/13,13/11/13,NA,13/12/12,7/12/10,335,1054,41,26/10/13,0,0,15/09/13,6/01/15,dead,754
2013,J13/14,smithC,B3/6,R1,68,103,4,4,0,1,4,0,0,10/12/13,27/12/13,NA,13/12/12,NA,379,NA,86,26/10/13,45,0,15/09/13,6/01/15,dead,754
2013,J13/14,smithC,LHV1,1,69,0,4,3,1,0.75,NA,3,0,27/10/13,14/11/13,J12/13,17/12/12,16/12/12,314,315,42,27/10/13,0,0,15/09/16,2/10/16,dead,1385
2013,J13/14,smithC,B1/13b,1,70,167,4,4,0,1,2,2,0,25/10/13,11/11/13,J12/13,25/12/12,10/12/10,304,1050,40,25/10/13,0,0,15/09/18,29/09/18,dead,2104
2013,J13/14,smithC,B1/13d,2,70,167,3,0,3,0,NA,0,0,27/12/13,NA,NA,25/12/12,10/12/10,367,1113,103,25/10/13,63,0,15/09/18,29/09/18,dead,2104
2013,J13/14,smithC,B5/1,1,71,0,4,3,1,0.75,3,0,0,30/10/13,18/11/13,J12/13,30/12/12,16/12/11,304,684,45,NA,NA,0,15/09/17,31/10/17,dead,1766
2013,J13/14,smithC,B4/1,1,71,0,4,4,0,1,4,0,0,12/12/13,29/12/13,NA,30/12/12,15/11/03,364,3680,88,12/12/13,0,0,15/09/17,31/10/17,dead,1766
2013,J13/14,smithC,B4/4,R1,71,103,3,3,0,1,2,1,0,18/01/14,3/02/14,J12/13,30/12/12,NA,384,NA,125,12/12/13,37,0,15/09/17,31/10/17,dead,1766
2013,J13/14,smithC,B3/11,1,72,0,4,4,0,1,1,3,0,26/10/13,13/11/13,J12/13,9/01/13,25/12/11,290,671,41,26/10/13,0,0,15/02/18,23/10/18,dead,2113
2013,J13/14,smithC,B3/5,2,72,0,3,2,1,0.666666667,2,0,0,26/12/13,NA,NA,13/12/12,25/12/11,378,732,102,26/10/13,61,0,15/02/18,23/10/18,dead,2140
2013,J13/14,smithC,SV/1,1,73,173,4,3,1,0.75,1,2,0,27/10/13,13/11/13,J12/13,17/01/13,2/01/12,300,664,42,27/10/13,0,0,15/09/18,17/10/18,dead,2099
2013,J13/14,smithC,SV/2,2,73,173,4,3,1,0.75,3,0,0,21/12/13,7/01/14,J12/13,17/01/13,2/01/12,355,719,97,27/10/13,55,0,15/09/18,17/10/18,dead,2099
2013,J13/14,smithC,B2/9,1,74,103,4,4,0,1,4,0,0,4/11/13,23/11/13,NA,19/01/13,NA,308,NA,50,4/11/13,0,0,15/09/18,18/11/17,dead,2065
2013,J13/14,smithC,B2/9,R1,74,103,4,3,1,0.75,3,0,0,16/12/13,2/01/14,NA,19/01/13,NA,348,NA,92,4/11/13,42,0,15/09/18,18/11/17,dead,2065
2013,J13/14,smithC,B2/15,1,75,0,4,3,1,0.75,3,0,0,12/11/13,1/12/13,J12/13,19/01/13,26/12/11,316,687,58,12/11/13,0,0,15/02/16,12/12/14,dead,1122
2013,J13/14,smithC,B2/16,R1,75,0,4,3,1,0.75,3,0,0,22/12/13,10/01/14,J12/13,19/01/13,26/12/11,356,727,98,12/11/13,40,0,15/02/16,12/12/14,dead,1122
2014,J14/15,smithD,B22/27,1,1,172,2,2,0,1,NA,2,1,10/11/14,1/12/14,J05/06,1/12/05,18/11/11,3287,1088,19,10/11/14,0,2,15/02/15,10/12/15,dead,3661
2014,J14/15,smithD,B22/28,2,1,172,1,0,1,0,NA,0,1,11/01/15,NA,J05/06,1/12/05,18/11/11,3328,1150,81,10/11/14,62,2,15/02/15,10/12/15,dead,3661
2014,J14/15,smithD,DB/4,1,20,0,1,0,1,0,NA,0,0,17/11/14,NA,J07/08,14/12/07,25/12/11,2530,1058,26,17/11/14,0,3,15/02/17,28/11/16,dead,3351
2014,J14/15,smithD,DB/3,R1,20,0,4,1,3,0.25,NA,0,0,8/12/14,28/12/14,J07/08,14/12/07,25/12/11,2584,1079,47,17/11/14,21,3,15/02/17,28/11/16,dead,3351
2014,J14/15,smithD,CH2,1,22,0,4,4,0,1,NA,0,0,20/11/14,7/12/14,J07/08,20/12/07,9/01/13,2563,680,29,20/11/14,0,0,15/02/16,31/01/16,dead,2979
2014,J14/15,smithD,CH1,R1,22,0,4,3,1,0.75,NA,2,0,1/01/15,18/01/15,J07/08,20/12/07,9/01/13,2605,722,71,20/11/14,42,0,15/02/16,31/01/16,dead,2979
2014,J14/15,smithD,WV3,1,24,0,3,2,1,0.666666667,NA,2,0,30/10/14,19/11/14,J07/08,19/12/07,10/11/13,2545,354,8,30/10/14,0,0,15/02/16,29/01/16,dead,2980
2014,J14/15,smithD,WV3b,2,24,0,4,3,1,0.75,NA,0,0,21/12/14,7/01/15,J07/08,19/12/07,10/11/13,2594,406,60,30/10/14,52,0,15/02/16,29/01/16,dead,2980
2014,J14/15,smithD,LWV1,1,42,0,4,2,2,0.5,NA,0,0,27/11/14,16/12/14,J08/09,16/12/08,24/12/11,2172,1069,36,27/11/14,0,0,15/09/11,27/11/14,dead,2172
2014,J14/15,smithD,B22/7,1,56,0,4,3,1,0.75,NA,3,0,10/11/14,28/11/14,J10/11,5/02/11,3/12/10,1396,1438,19,10/11/14,0,0,15/09/15,8/12/15,dead,1767
2014,J14/15,smithD,SD/1B,1,58,0,4,3,1,0.75,NA,0,0,14/12/14,1/01/15,J11/12,23/12/11,21/01/12,1127,1058,53,14/12/14,0,3,15/09/13,14/12/14,dead,1087
2014,J14/15,smithD,WV8,1,62,0,3,3,0,1,NA,3,0,29/10/14,15/11/14,J11/12,20/12/11,12/01/12,1080,1021,7,29/10/14,0,5,15/09/18,4/01/17,dead,2461
2014,J14/15,smithD,WV7,2,62,0,3,1,2,0.333333333,NA,0,0,22/12/14,8/01/15,J11/12,20/12/11,12/01/12,1134,1075,61,29/10/14,54,5,15/09/18,4/01/17,dead,2461
2014,J14/15,smithD,FB/2,1,63,150,4,4,0,1,NA,4,1,13/11/14,2/12/14,J11/12,31/12/11,14/01/10,1097,1764,22,13/11/14,0,1,15/02/15,13/11/14,dead,1142
2014,J14/15,smithD,B3/6,1,68,0,4,2,2,0.5,NA,0,0,9/12/14,27/12/14,J12/13,13/12/12,7/12/10,744,1463,48,9/12/14,0,0,15/09/13,6/01/15,dead,754
2014,J14/15,smithD,B3/7,R1,68,0,3,2,1,0.666666667,NA,0,0,6/01/15,22/01/15,J12/13,13/12/12,7/12/10,770,1491,76,9/12/14,28,0,15/09/13,6/01/15,dead,754
2014,J14/15,smithD,LHV4,1,69,0,4,4,0,1,NA,4,0,8/12/14,26/12/14,J12/13,17/12/12,12/12/13,721,361,47,8/12/14,0,0,15/09/16,2/10/16,dead,1385
2014,J14/15,smithD,B22/25,1,70,0,4,4,0,1,NA,3,0,6/12/14,23/12/14,J12/13,25/12/12,25/12/12,711,711,45,NA,NA,0,15/09/18,29/09/18,dead,2104
2014,J14/15,smithD,B4/4,1,71,156,3,2,1,0.666666667,NA,2,0,2/11/14,21/11/14,J12/13,30/12/12,1/12/06,672,2893,11,2/11/14,0,0,15/09/17,31/10/17,dead,1766
2014,J14/15,smithD,B4/3,2,71,156,3,3,0,1,NA,0,0,25/12/14,10/01/15,J12/13,30/12/12,1/12/06,725,2946,64,NA,NA,0,15/09/17,31/10/17,dead,1766
2014,J14/15,smithD,B3/11,R1,72,0,3,3,0,1,NA,0,0,7/01/15,23/01/15,J12/13,9/01/13,25/12/11,744,1109,77,7/01/15,0,0,15/02/18,23/10/18,dead,2113
2014,J14/15,smithD,SV/3,1,73,0,5,2,3,0.4,NA,2,0,4/12/14,23/12/14,J12/13,17/01/13,25/12/12,705,709,43,4/12/14,0,0,15/09/18,17/10/18,dead,2099
2014,J14/15,smithD,SC/4,1 (or perhaps R1),74,103,4,4,0,1,NA,0,0,11/12/14,28/12/14,J12/13,19/01/13,NA,708,NA,50,11/12/14,0,0,15/09/18,18/11/17,dead,2065
2014,J14/15,smithD,B2/11,1,75,0,4,2,2,0.5,NA,0,0,12/12/14,30/12/14,J12/13,19/01/13,11/12/13,692,366,51,NA,NA,0,15/02/16,12/12/14,dead,1122
2014,J14/15,smithD,B2/15,R1,75,0,3,2,1,0.666666667,NA,0,0,NA,26/01/15,J12/13,19/01/13,26/12/11,737,NA,NA,NA,NA,0,15/02/16,12/12/14,dead,1122
2015,J15/16,mccready,B22/27,1,1,0,2,0,2,0,NA,0,0,24/11/15,NA,J05/06,1/12/05,22/12/14,3645,337,65,10/11/14,379,2,15/02/15,10/12/15,dead,3661
2015,J15/16,mccready,B22/27,R1,1,0,1,0,1,0,NA,0,0,10/12/15,NA,J05/06,1/12/05,22/12/14,3661,353,81,10/11/14,395,2,15/02/15,10/12/15,dead,3661
2015,J15/16,mccready,DB/4,1,20,0,4,4,0,1,NA,4,2,7/11/15,25/11/15,J07/08,14/12/07,25/12/11,2916,1413,48,17/11/14,355,3,15/02/17,28/11/16,dead,3351
2015,J15/16,mccready,DB/3,2,20,0,3,1,2,0.333333333,NA,0,2,16/01/16,1/02/16,J07/08,14/12/07,25/12/11,2984,1483,118,17/11/14,425,3,15/02/17,28/11/16,dead,3351
2015,J15/16,mccready,B2/7,1,22,0,4,4,0,1,NA,3,0,12/11/15,30/11/15,J07/08,20/12/07,15/12/13,2921,697,53,20/11/14,357,0,15/02/16,31/01/16,dead,2979
2015,J15/16,mccready,CH1,2,22,0,3,3,0,1,NA,0,0,31/01/16,16/02/16,J07/08,20/12/07,24/12/11,2999,1499,133,20/11/14,437,0,15/02/16,31/01/16,dead,2979
2015,J15/16,mccready,WV3b,1,24,0,4,3,1,0.75,NA,3,0,4/11/15,22/11/15,J07/08,19/12/07,26/12/14,2913,313,45,4/11/15,0,0,15/02/16,29/01/16,dead,2980
2015,J15/16,mccready,WV4,2,24,0,4,1,3,0.25,NA,0,0,29/12/15,18/01/16,J07/08,19/12/07,26/12/14,2970,368,100,4/11/15,55,0,15/02/16,29/01/16,dead,2980
2015,J15/16,mccready,WV1,R1,24,0,4,3,1,0.75,NA,0,0,29/01/16,16/02/16,J07/08,19/12/07,21/01/12,2999,1469,131,4/11/15,86,0,15/02/16,29/01/16,dead,2980
2015,J15/16,mccready,FB/3,1,76,168,4,3,1,0.75,NA,3,0,4/11/15,22/11/15,J09/10,31/12/09,5/12/10,356,1795,45,4/11/15,0,0,15/02/10,4/11/15,dead,2134
2015,J15/16,mccready,B22/36,1,56,0,4,0,4,0,NA,0,0,7/11/15,NA,J10/11,5/02/11,3/12/10,1736,1800,48,7/11/15,0,0,15/09/15,8/12/15,dead,1767
2015,J15/16,mccready,B22/7,R1,56,0,4,4,0,1,NA,0,0,8/12/15,25/12/15,J10/11,5/02/11,3/12/10,1788,1831,79,7/11/15,31,0,15/09/15,8/12/15,dead,1767
2015,J15/16,mccready,WV8,1,62,0,4,4,0,1,NA,4,3,20/10/15,7/11/15,J11/12,20/12/11,12/01/12,1437,1377,30,20/10/15,0,5,15/09/18,4/01/17,dead,2461
2015,J15/16,mccready,WV7,2,62,0,4,4,0,1,NA,0,3,14/12/15,31/12/15,J11/12,20/12/11,12/01/12,1491,1432,85,20/10/15,55,5,15/09/18,4/01/17,dead,2461
2015,J15/16,mccready,WV7,R1,62,0,4,3,1,0.75,NA,0,3,12/01/16,29/01/16,J11/12,20/12/11,12/01/12,1520,1461,114,20/10/15,84,5,15/09/18,4/01/17,dead,2461
2015,J15/16,mccready,B22/17,1,70,0,2,0,2,0,NA,0,0,24/09/15,NA,J12/13,25/12/12,25/12/12,1003,1003,4,NA,NA,0,15/09/18,29/09/18,dead,2104
2015,J15/16,mccready,B22/25,R1,70,0,5,2,3,0.4,NA,2,0,1/11/15,20/11/15,J12/13,25/12/12,25/12/12,1041,1041,42,NA,NA,0,15/09/18,29/09/18,dead,2104
2015,J15/16,mccready,B4/4,1,71,156,4,2,2,0.5,NA,2,0,28/10/15,15/11/15,J12/13,30/12/12,1/12/06,1032,3253,38,28/10/15,0,0,15/09/17,31/10/17,dead,1766
2015,J15/16,mccready,B4/3,2,71,156,4,4,0,1,NA,0,0,22/12/15,8/01/16,NA,30/12/12,1/12/06,1104,3308,93,28/10/15,55,0,15/09/17,31/10/17,dead,1766
2015,J15/16,mccready,B4/4,R1,71,156,3,3,0,1,NA,NA,0,30/01/16,16/02/16,NA,30/12/12,1/12/06,1143,3347,132,28/10/15,94,0,15/09/17,31/10/17,dead,1766
2015,J15/16,mccready,B3/11,1,72,0,5,5,0,1,NA,5,0,6/11/15,25/11/15,J12/13,9/01/13,25/12/11,1050,1412,47,7/01/15,303,0,15/02/18,23/10/18,dead,2113
2015,J15/16,mccready,B3/5,2,72,0,4,4,0,1,NA,0,0,31/12/15,19/01/16,J12/13,9/01/13,25/12/11,1105,1467,102,7/01/15,358,0,15/02/18,23/10/18,dead,2113
2015,J15/16,mccready,SV/3,1,73,0,5,2,3,0.4,NA,1,0,4/11/15,22/11/15,J12/13,17/01/13,19/01/14,1039,654,45,4/12/14,335,0,15/09/18,17/10/18,dead,2099
2015,J15/16,mccready,SV/1,2,73,0,4,4,0,1,NA,0,0,10/12/15,28/12/15,J12/13,17/01/13,20/12/14,1075,355,81,4/12/14,371,0,15/09/18,17/10/18,dead,2099
2015,J15/16,mccready,SV/3,R1,73,0,4,2,2,0.5,NA,0,0,21/01/16,7/02/16,J12/13,17/01/13,19/01/14,1116,732,123,4/12/14,413,0,15/09/18,17/10/18,dead,2099
2015,J15/16,mccready,SC/5,1,74,0,4,3,1,0.75,NA,3,0,8/11/15,26/11/15,J12/13,19/01/13,17/12/11,1041,1422,49,11/12/14,332,0,15/09/18,18/11/17,dead,2065
2015,J15/16,mccready,SC/4,2,74,0,2,2,0,1,NA,0,0,5/01/16,22/01/16,J12/13,19/01/13,17/12/11,1098,1480,107,11/12/14,390,0,15/09/18,18/11/17,dead,2065
2015,J15/16,mccready,SC/5,R1,74,0,3,2,1,0.666666667,NA,0,0,5/02/16,21/02/16,J12/13,19/01/13,17/12/11,1128,1511,138,11/12/14,421,0,15/09/18,18/11/17,dead,2065
2015,J15/16,mccready,SD/5,R1,77,0,3,0,3,0,NA,0,0,26/12/15,NA,J14/15,2/01/15,5/12/13,358,751,97,NA,NA,0,15/02/13,26/12/15,dead,358
2016,J16/17,mccready,DB/3,1,20,0,4,2,2,0.5,NA,2,0,28/11/16,15/12/16,J07/08,14/12/07,25/12/11,3302,1800,66,17/11/14,742,3,15/02/17,28/11/16,dead,3351
2016,J16/17,mccready,WV7,1,62,0,4,4,0,1,NA,3,0,5/11/16,22/11/16,J11/12,20/12/11,12/01/12,1818,1759,43,5/11/16,0,5,15/09/18,4/01/17,dead,2461
2016,J16/17,mccready,WV7,2,62,0,4,4,0,1,NA,0,0,4/01/17,20/01/17,J11/12,20/12/11,12/01/12,1877,1819,103,5/11/16,60,5,15/09/18,4/01/17,dead,2461
2016,J16/17,mccready,LHV1,1,69,0,4,0,4,0,NA,0,0,2/10/16,NA,J12/13,17/12/12,caught unbanded,1385,NA,9,2/10/16,0,0,15/09/16,2/10/16,dead,1385
2016,J16/17,mccready,B22/25,1,70,0,3,2,1,0.666666667,NA,0,0,3/10/16,25/10/16,J12/13,25/12/12,25/12/12,1378,1378,10,24/09/15,375,0,15/09/18,29/09/18,dead,2104
2016,J16/17,mccready,B22/26,R1,70,0,5,3,2,0.6,NA,2,0,21/11/16,9/12/16,J12/13,25/12/12,25/12/12,1427,1427,59,24/09/15,424,0,15/09/18,29/09/18,dead,2104
2016,J16/17,mccready,B4/4,1,71,156,4,0,4,0,NA,0,0,25/09/16,NA,NA,30/12/12,1/12/06,1365,3586,2,28/10/15,333,0,15/09/17,31/10/17,dead,1766
2016,J16/17,mccready,B4/4,R1,71,156,4,4,0,1,NA,4,0,10/11/16,29/11/16,NA,30/12/12,1/12/06,1430,3632,48,28/10/15,379,0,15/09/17,31/10/17,dead,1766
2016,J16/17,mccready,B4/4,2,71,156,3,2,1,0.666666667,NA,0,0,14/01/17,31/01/17,NA,30/12/12,1/12/06,1493,3697,113,28/10/15,444,0,15/09/17,31/10/17,dead,1766
2016,J16/17,mccready,B3/5,1,72,0,5,3,2,0.6,NA,3,0,7/11/16,26/11/16,J12/13,9/01/13,25/12/11,1417,1779,45,7/01/15,670,0,15/02/18,23/10/18,dead,2113
2016,J16/17,mccready,B3/11,2,72,0,4,4,0,1,NA,0,0,28/12/16,14/01/17,J12/13,9/01/13,25/12/11,1466,1830,96,7/01/15,721,0,15/02/18,23/10/18,dead,2113
2016,J16/17,mccready,SV/2,1,73,0,5,4,1,0.8,NA,4,0,7/11/16,26/11/16,J12/13,17/01/13,20/12/14,1409,688,45,4/12/14,704,0,15/09/18,17/10/18,dead,2099
2016,J16/17,mccready,SV/1,2,73,0,5,3,2,0.6,NA,0,0,26/12/16,13/01/17,J12/13,17/01/13,20/12/14,1457,737,94,4/12/14,753,0,15/09/18,17/10/18,dead,2099
2016,J16/17,mccready,SV/3,R1,73,0,3,2,1,0.666666667,NA,0,0,29/01/17,14/02/17,J12/13,17/01/13,19/01/14,1489,1106,128,4/12/14,787,0,15/09/18,17/10/18,dead,2099
2016,J16/17,mccready,SC/5,1,74,0,4,4,0,1,NA,4,0,27/11/16,14/12/16,J12/13,19/01/13,17/12/11,1425,1807,65,11/12/14,717,0,15/09/18,18/11/17,dead,2065
2017,J17/18,mccready,WV8,1,60,0,5,4,1,0.8,0,4,0,4/11/17,23/11/17,J11/12,28/12/11,8/02/17,2138,269,43,4/11/17,0,0,15/02/12,4/11/17,dead,2138
2017,J17/18,mccready,B22/25,1,70,0,5,3,2,0.6,0,3,0,2/11/17,20/11/17,J12/13,25/12/12,12/12/15,1791,691,41,2/11/17,0,0,15/09/18,29/09/18,dead,2104
2017,J17/18,mccready,B22/26,2,70,0,4,4,0,1,4,0,0,24/12/17,10/01/18,J12/13,25/12/12,12/12/15,1842,743,93,2/11/17,52,0,15/09/18,29/09/18,dead,2104
2017,J17/18,mccready,B4/3,1,71,0,4,3,1,0.75,0,3,0,31/10/17,18/11/17,J12/13,30/12/12,8/12/13,1784,1423,39,31/10/17,0,0,15/09/17,31/10/17,dead,1766
2017,J17/18,mccready,B3/11,1,72,0,5,5,0,1,0,5,0,10/11/17,29/11/17,J12/13,9/01/13,25/12/11,1785,2147,49,7/01/15,1038,0,15/02/18,23/10/18,dead,2113
2017,J17/18,mccready,SV/2,1,73,0,5,3,2,0.6,1,2,0,8/11/17,27/11/17,J12/13,17/01/13,20/12/14,1775,1054,47,4/12/14,1070,0,15/09/18,17/10/18,dead,2099
2017,J17/18,mccready,SV/1,2,73,0,5,4,1,0.8,4,0,0,25/12/17,12/01/18,J12/13,17/01/13,20/12/14,1821,1101,94,4/12/14,1117,0,15/09/18,17/10/18,dead,2099
2017,J17/18,mccready,SC/5,1,74,0,5,5,0,1,1,4,0,18/11/17,7/12/17,J12/13,19/01/13,22/12/15,1764,697,57,18/11/17,0,0,15/09/18,18/11/17,dead,2065
2018,J18/19,mcready,B22/25,1,70,0,4,3,1,0.75,1,2,0,29/09/18,16/10/18,J12/13,25/12/12,1/02/17,2104,605,9,21/11/13,1773,0,15/09/18,29/09/18,dead,2104
2018,J18/19,mcready,B3/11,1,72,0,3,2,1,0.666666667,0,2,0,23/10/18,10/11/18,J12/13,9/01/13,25/12/11,2113,2494,33,23/11/13,1795,0,15/02/18,23/10/18,dead,2113
2018,J18/19,mcready,SV/2,1,73,0,5,2,3,0.4,0,2,0,17/10/18,5/11/18,J12/13,17/01/13,20/12/14,2099,1397,27,27/11/13,1785,0,15/09/18,17/10/18,dead,2099